cluster_label,source_row_index,source_material_id,source_formula_pretty_x,neighbor_row_index,neighbor_material_id,neighbor_formula_pretty,similarity_distance,similarity_rank_within_source,similarity_distance_percentile,similarity_level,source_formula_pretty_y,source_cost,source_unit,source_year,source_cost_class,source_cost_rank_within_cluster,neighbor_formula_pretty_verified,neighbor_cost,neighbor_unit,neighbor_year,neighbor_cost_class,neighbor_cost_rank_within_cluster,cost_difference,cost_saving,is_lower_cost_alternative
4,7502,mp-1018029,CuPd,33310,mp-6938,ZnRh,0.3065045302945258,1,0.2,high_similarity,CuPd,9947.305,($/mt),2025.0,medium_cost,8,ZnRh,2867.52833333333,($/mt),2025.0,medium_cost,6,-7079.77666666667,7079.77666666667,True
1,22128,mp-1025039,PbS2,187,mp-23231,AgBr,0.4899298777185318,1,0.2,high_similarity,PbS2,1962.235,($/mt),2025.0,low_cost,4,AgBr,39.80466666667,($/troy oz),2025.0,low_cost,1,-1922.4303333333298,1922.4303333333298,True
4,33091,mp-1047156,Zn(CuO2)2,88,mp-4691,Ag2CO3,0.3031947846020064,2,0.4,moderate_similarity,Zn(CuO2)2,2867.52833333333,($/mt),2025.0,medium_cost,6,Ag2CO3,39.80466666667,($/troy oz),2025.0,low_cost,1,-2827.72366666666,2827.72366666666,True
3,21592,mp-1070761,Ni(BW)2,33088,mp-28786,Zn(BIr)2,0.2198489572885395,2,0.4,moderate_similarity,Ni(BW)2,15162.1583333333,($/mt),2025.0,high_cost,9,Zn(BIr)2,2867.52833333333,($/mt),2025.0,medium_cost,6,-12294.62999999997,12294.62999999997,True
4,21675,mp-1078540,Ni6Ge2B,500,mp-1228832,AlNi6Ge,0.1283421560526299,3,0.6,moderate_similarity,Ni6Ge2B,15162.1583333333,($/mt),2025.0,high_cost,9,AlNi6Ge,2631.69583333333,($/mt),2025.0,low_cost,5,-12530.46249999997,12530.46249999997,True
3,521,mp-10909,AlRe2,21995,mp-2082,PIr2,0.2568114896247694,1,0.2,high_similarity,AlRe2,2631.69583333333,($/mt),2025.0,low_cost,5,PIr2,152.5,($/mt),2025.0,low_cost,2,-2479.19583333333,2479.19583333333,True
4,324,mp-10910,Al2Ru,21913,mp-1413,P2Ru,0.3174522099481093,1,0.2,high_similarity,Al2Ru,2631.69583333333,($/mt),2025.0,low_cost,5,P2Ru,152.5,($/mt),2025.0,low_cost,2,-2479.19583333333,2479.19583333333,True
4,324,mp-10910,Al2Ru,21911,mp-15953,P2Rh,0.40648535095327,2,0.4,moderate_similarity,Al2Ru,2631.69583333333,($/mt),2025.0,low_cost,5,P2Rh,152.5,($/mt),2025.0,low_cost,2,-2479.19583333333,2479.19583333333,True
2,21587,mp-1096784,Ni(AsO2)2,33322,mp-18373,ZnSe2O5,0.3115774055830888,2,0.4,moderate_similarity,Ni(AsO2)2,15162.1583333333,($/mt),2025.0,high_cost,9,ZnSe2O5,2867.52833333333,($/mt),2025.0,medium_cost,6,-12294.62999999997,12294.62999999997,True
4,21594,mp-1101457,Ni(BiO3)2,144,mp-554357,Ag4TeO5,0.6252827435265131,3,0.6,moderate_similarity,Ni(BiO3)2,15162.1583333333,($/mt),2025.0,high_cost,9,Ag4TeO5,39.80466666667,($/troy oz),2025.0,low_cost,1,-15122.35366666663,15122.35366666663,True
3,21593,mp-1104181,Ni(BW)3,7371,mp-1225826,Cu2B3Ir4,0.3619050353634651,2,0.4,moderate_similarity,Ni(BW)3,15162.1583333333,($/mt),2025.0,high_cost,9,Cu2B3Ir4,9947.305,($/mt),2025.0,high_cost,8,-5214.8533333333,5214.8533333333,True
3,7405,mp-1105186,Cu3B5Pt9,33223,mp-579677,ZnB3Ir4,0.2082778774780149,1,0.2,high_similarity,Cu3B5Pt9,9947.305,($/mt),2025.0,high_cost,8,ZnB3Ir4,2867.52833333333,($/mt),2025.0,medium_cost,6,-7079.77666666667,7079.77666666667,True
3,7405,mp-1105186,Cu3B5Pt9,33207,mp-1215752,Zn6B5Ir11,0.2833070045787567,2,0.4,moderate_similarity,Cu3B5Pt9,9947.305,($/mt),2025.0,high_cost,8,Zn6B5Ir11,2867.52833333333,($/mt),2025.0,medium_cost,6,-7079.77666666667,7079.77666666667,True
1,26832,mp-1170,SnS2,404,mp-2172,AlAs,0.420471498984067,1,0.2,high_similarity,SnS2,34058.8358333333,($/mt),2025.0,high_cost,10,AlAs,2631.69583333333,($/mt),2025.0,medium_cost,5,-31427.13999999997,31427.13999999997,True
0,21707,mp-1180537,NiH12(ClO6)2,21923,mp-759344,P3H30N7O12,0.6189382813464878,3,0.6,moderate_similarity,NiH12(ClO6)2,15162.1583333333,($/mt),2025.0,high_cost,8,P3H30N7O12,152.5,($/mt),2025.0,low_cost,2,-15009.6583333333,15009.6583333333,True
4,21734,mp-1186117,NiPt3,33308,mp-30856,ZnPt3,0.3073705983177529,3,0.6,moderate_similarity,NiPt3,15162.1583333333,($/mt),2025.0,high_cost,9,ZnPt3,2867.52833333333,($/mt),2025.0,medium_cost,6,-12294.62999999997,12294.62999999997,True
1,33139,mp-1188466,Zn2IN,22007,mp-3123,PPdSe,0.6377585654414971,3,0.6,moderate_similarity,Zn2IN,2867.52833333333,($/mt),2025.0,medium_cost,6,PPdSe,152.5,($/mt),2025.0,low_cost,2,-2715.02833333333,2715.02833333333,True
1,33325,mp-1189914,ZnSi(AgS2)2,182,mp-556434,AgBi(PS3)2,0.6384463260174581,2,0.4,moderate_similarity,ZnSi(AgS2)2,2867.52833333333,($/mt),2025.0,medium_cost,6,AgBi(PS3)2,39.80466666667,($/troy oz),2025.0,low_cost,1,-2827.72366666666,2827.72366666666,True
1,33320,mp-1190,ZnSe,187,mp-23231,AgBr,0.5845071122866196,1,0.2,high_similarity,ZnSe,2867.52833333333,($/mt),2025.0,medium_cost,6,AgBr,39.80466666667,($/troy oz),2025.0,low_cost,1,-2827.72366666666,2827.72366666666,True
1,7438,mp-1190563,Cu6Hg3(SbS3)4,138,mp-17568,Ag3Sn2(GeP2)3,0.452787945034769,2,0.4,moderate_similarity,Cu6Hg3(SbS3)4,9947.305,($/mt),2025.0,high_cost,8,Ag3Sn2(GeP2)3,39.80466666667,($/troy oz),2025.0,low_cost,1,-9907.50033333333,9907.50033333333,True
1,7480,mp-1192231,CuIO4,668,mp-559824,Au2Se3O10,0.5127314716520518,2,0.4,moderate_similarity,CuIO4,9947.305,($/mt),2025.0,high_cost,8,Au2Se3O10,3441.50583333333,($/troy oz),2025.0,high_cost,7,-6505.79916666667,6505.79916666667,True
3,21679,mp-1194082,Ni6W6C,33207,mp-1215752,Zn6B5Ir11,0.3188955426411236,1,0.2,high_similarity,Ni6W6C,15162.1583333333,($/mt),2025.0,high_cost,9,Zn6B5Ir11,2867.52833333333,($/mt),2025.0,medium_cost,6,-12294.62999999997,12294.62999999997,True
3,21679,mp-1194082,Ni6W6C,33202,mp-1238725,Zn5B3Ir7,0.3409465990517444,2,0.4,moderate_similarity,Ni6W6C,15162.1583333333,($/mt),2025.0,high_cost,9,Zn5B3Ir7,2867.52833333333,($/mt),2025.0,medium_cost,6,-12294.62999999997,12294.62999999997,True
3,21679,mp-1194082,Ni6W6C,7405,mp-1105186,Cu3B5Pt9,0.5033579322858399,3,0.6,moderate_similarity,Ni6W6C,15162.1583333333,($/mt),2025.0,high_cost,9,Cu3B5Pt9,9947.305,($/mt),2025.0,high_cost,8,-5214.8533333333,5214.8533333333,True
3,26760,mp-1194504,Sn3Ir2Se3,140,mp-5710,Ag3Te2Au,0.6309420404020966,1,0.2,high_similarity,Sn3Ir2Se3,34058.8358333333,($/mt),2025.0,high_cost,10,Ag3Te2Au,39.80466666667,($/troy oz),2025.0,low_cost,1,-34019.03116666663,34019.03116666663,True
2,21708,mp-1194565,NiH12(NO6)2,467,mp-1203296,AlH12(NO5)3,0.4360477070490814,3,0.6,moderate_similarity,NiH12(NO6)2,15162.1583333333,($/mt),2025.0,high_cost,9,AlH12(NO5)3,2631.69583333333,($/mt),2025.0,low_cost,5,-12530.46249999997,12530.46249999997,True
0,21937,mp-1194833,P3RuW2O15,163,mp-1195618,Ag9P14(OF)28,0.8384839878339644,2,0.4,moderate_similarity,P3RuW2O15,152.5,($/mt),2025.0,low_cost,2,Ag9P14(OF)28,39.80466666667,($/troy oz),2025.0,low_cost,1,-112.69533333333,112.69533333333,True
2,7477,mp-1194904,CuHg(SeO3)2,143,mp-553924,Ag4PIO4,0.4216300640725027,2,0.4,moderate_similarity,CuHg(SeO3)2,9947.305,($/mt),2025.0,high_cost,8,Ag4PIO4,39.80466666667,($/troy oz),2025.0,low_cost,1,-9907.50033333333,9907.50033333333,True
0,26742,mp-1195064,Sn2H22S6N4O3,21966,mp-1198119,PH10S3N2O,0.6624960933995128,1,0.2,high_similarity,Sn2H22S6N4O3,34058.8358333333,($/mt),2025.0,high_cost,9,PH10S3N2O,152.5,($/mt),2025.0,low_cost,2,-33906.3358333333,33906.3358333333,True
0,26742,mp-1195064,Sn2H22S6N4O3,33236,mp-706995,ZnCoH18N6Cl5,1.180082162673078,3,0.6,moderate_similarity,Sn2H22S6N4O3,34058.8358333333,($/mt),2025.0,high_cost,9,ZnCoH18N6Cl5,2867.52833333333,($/mt),2025.0,medium_cost,5,-31191.307499999974,31191.307499999974,True
2,33187,mp-1195381,Zn3Te2P2(PbO7)2,362,mp-1229069,Al3Tl4Fe(As2O7)4,0.2803349599893827,1,0.2,high_similarity,Zn3Te2P2(PbO7)2,2867.52833333333,($/mt),2025.0,medium_cost,6,Al3Tl4Fe(As2O7)4,2631.69583333333,($/mt),2025.0,low_cost,5,-235.83249999999998,235.83249999999998,True
0,21742,mp-1195453,NiSb3XeF23,33318,mp-1196112,ZnSb3XeF23,0.1227332745484975,1,0.2,high_similarity,NiSb3XeF23,15162.1583333333,($/mt),2025.0,high_cost,8,ZnSb3XeF23,2867.52833333333,($/mt),2025.0,medium_cost,5,-12294.62999999997,12294.62999999997,True
0,303,mp-1196041,Al2H32S3O28,21984,mp-1197623,PH9(NO2)2,0.39801870484834,1,0.2,high_similarity,Al2H32S3O28,2631.69583333333,($/mt),2025.0,low_cost,4,PH9(NO2)2,152.5,($/mt),2025.0,low_cost,2,-2479.19583333333,2479.19583333333,True
0,7515,mp-1196390,CuSb3XeF23,33318,mp-1196112,ZnSb3XeF23,0.649566080403888,2,0.4,moderate_similarity,CuSb3XeF23,9947.305,($/mt),2025.0,medium_cost,7,ZnSb3XeF23,2867.52833333333,($/mt),2025.0,medium_cost,5,-7079.77666666667,7079.77666666667,True
0,21888,mp-1196394,P2H19C6I7N,83,mp-1195193,Ag12Sn7H16(Se11N2)2,1.34278661300318,1,0.2,high_similarity,P2H19C6I7N,152.5,($/mt),2025.0,low_cost,2,Ag12Sn7H16(Se11N2)2,39.80466666667,($/troy oz),2025.0,low_cost,1,-112.69533333333,112.69533333333,True
0,26792,mp-1199443,SnH6C(NCl)3,177,mp-703539,AgB11H6CBr6,0.6270767496350435,1,0.2,high_similarity,SnH6C(NCl)3,34058.8358333333,($/mt),2025.0,high_cost,9,AgB11H6CBr6,39.80466666667,($/troy oz),2025.0,low_cost,1,-34019.03116666663,34019.03116666663,True
0,26792,mp-1199443,SnH6C(NCl)3,21966,mp-1198119,PH10S3N2O,1.1697884744595428,3,0.6,moderate_similarity,SnH6C(NCl)3,34058.8358333333,($/mt),2025.0,high_cost,9,PH10S3N2O,152.5,($/mt),2025.0,low_cost,2,-33906.3358333333,33906.3358333333,True
0,26792,mp-1199443,SnH6C(NCl)3,33236,mp-706995,ZnCoH18N6Cl5,1.1585162506970952,2,0.4,moderate_similarity,SnH6C(NCl)3,34058.8358333333,($/mt),2025.0,high_cost,9,ZnCoH18N6Cl5,2867.52833333333,($/mt),2025.0,medium_cost,5,-31191.307499999974,31191.307499999974,True
0,470,mp-1199829,AlH15Br3N5,21981,mp-707324,PH6SN3,0.4975991468069053,3,0.6,moderate_similarity,AlH15Br3N5,2631.69583333333,($/mt),2025.0,low_cost,4,PH6SN3,152.5,($/mt),2025.0,low_cost,2,-2479.19583333333,2479.19583333333,True
4,7432,mp-1201155,Cu5Se4(ClO6)2,33254,mp-558345,ZnFe2(SeO3)4,0.5354274894899099,2,0.4,moderate_similarity,Cu5Se4(ClO6)2,9947.305,($/mt),2025.0,medium_cost,8,ZnFe2(SeO3)4,2867.52833333333,($/mt),2025.0,medium_cost,6,-7079.77666666667,7079.77666666667,True
2,7533,mp-1203135,CuTe2PbO7,97,mp-553949,Ag2Hg2(TeO4)3,0.4916035700957269,2,0.4,moderate_similarity,CuTe2PbO7,9947.305,($/mt),2025.0,high_cost,8,Ag2Hg2(TeO4)3,39.80466666667,($/troy oz),2025.0,low_cost,1,-9907.50033333333,9907.50033333333,True
2,7533,mp-1203135,CuTe2PbO7,33169,mp-1216036,Zn3Co4(SbO6)2,0.6206247802979895,3,0.6,moderate_similarity,CuTe2PbO7,9947.305,($/mt),2025.0,high_cost,8,Zn3Co4(SbO6)2,2867.52833333333,($/mt),2025.0,medium_cost,6,-7079.77666666667,7079.77666666667,True
0,26738,mp-1203896,Sn21H14(Cl4O5)4,33156,mp-558350,Zn2TeBr2O3,0.4987082983432901,3,0.6,moderate_similarity,Sn21H14(Cl4O5)4,34058.8358333333,($/mt),2025.0,high_cost,9,Zn2TeBr2O3,2867.52833333333,($/mt),2025.0,medium_cost,5,-31191.307499999974,31191.307499999974,True
3,33281,mp-1206819,ZnIr,23266,mp-974376,PtRh3,0.2950697164948139,3,0.6,moderate_similarity,ZnIr,2867.52833333333,($/mt),2025.0,medium_cost,6,PtRh3,1278.29333333333,($/troy oz),2025.0,low_cost,3,-1589.235,1589.235,True
3,7422,mp-12086,Cu3Pt,33173,mp-865362,Zn3Ir,0.3995551597984508,2,0.4,moderate_similarity,Cu3Pt,9947.305,($/mt),2025.0,high_cost,8,Zn3Ir,2867.52833333333,($/mt),2025.0,medium_cost,6,-7079.77666666667,7079.77666666667,True
1,7392,mp-1212937,Cu2SiHgSe4,98,mp-1229141,Ag2HgGeS4,0.3625473307474653,3,0.6,moderate_similarity,Cu2SiHgSe4,9947.305,($/mt),2025.0,high_cost,8,Ag2HgGeS4,39.80466666667,($/troy oz),2025.0,low_cost,1,-9907.50033333333,9907.50033333333,True
2,7501,mp-1213055,CuPbF6,184,mp-28965,AgBi2F12,0.4351678569948394,2,0.4,moderate_similarity,CuPbF6,9947.305,($/mt),2025.0,high_cost,8,AgBi2F12,39.80466666667,($/troy oz),2025.0,low_cost,1,-9907.50033333333,9907.50033333333,True
4,7503,mp-1213075,CuPdF6,222,mp-2017405,AgRhF6,0.2469357377376624,1,0.2,high_similarity,CuPdF6,9947.305,($/mt),2025.0,medium_cost,8,AgRhF6,39.80466666667,($/troy oz),2025.0,low_cost,1,-9907.50033333333,9907.50033333333,True
4,7503,mp-1213075,CuPdF6,216,mp-31215,AgPdF6,0.3046546364978995,3,0.6,moderate_similarity,CuPdF6,9947.305,($/mt),2025.0,medium_cost,8,AgPdF6,39.80466666667,($/troy oz),2025.0,low_cost,1,-9907.50033333333,9907.50033333333,True
0,7473,mp-1213613,CuH2CN2Cl,33341,mp-1203210,ZnTeH12Se3N4,0.4638657585888772,1,0.2,high_similarity,CuH2CN2Cl,9947.305,($/mt),2025.0,medium_cost,7,ZnTeH12Se3N4,2867.52833333333,($/mt),2025.0,medium_cost,5,-7079.77666666667,7079.77666666667,True
0,7473,mp-1213613,CuH2CN2Cl,33319,mp-1201551,ZnSb4H18S7N6,0.56898323424657,2,0.4,moderate_similarity,CuH2CN2Cl,9947.305,($/mt),2025.0,medium_cost,7,ZnSb4H18S7N6,2867.52833333333,($/mt),2025.0,medium_cost,5,-7079.77666666667,7079.77666666667,True
1,33214,mp-1215558,ZnAg2GeS4,434,mp-1228984,AlCu(PSe3)2,0.2713709514513474,3,0.6,moderate_similarity,ZnAg2GeS4,2867.52833333333,($/mt),2025.0,medium_cost,6,AlCu(PSe3)2,2631.69583333333,($/mt),2025.0,medium_cost,5,-235.83249999999998,235.83249999999998,True
1,33180,mp-1215629,Zn3PBr3,285,mp-3159,Al2CdSe4,0.328181776258874,1,0.2,high_similarity,Zn3PBr3,2867.52833333333,($/mt),2025.0,medium_cost,6,Al2CdSe4,2631.69583333333,($/mt),2025.0,medium_cost,5,-235.83249999999998,235.83249999999998,True
4,33146,mp-1215714,Zn2Pd,21931,mp-505363,P3Pd7,0.3750802200488201,3,0.6,moderate_similarity,Zn2Pd,2867.52833333333,($/mt),2025.0,medium_cost,6,P3Pd7,152.5,($/mt),2025.0,low_cost,2,-2715.02833333333,2715.02833333333,True
2,33291,mp-1215818,ZnNiTe3O8,22104,mp-1192446,Pb2SeN2O9,0.359287569672982,1,0.2,high_similarity,ZnNiTe3O8,2867.52833333333,($/mt),2025.0,medium_cost,6,Pb2SeN2O9,1962.235,($/mt),2025.0,low_cost,4,-905.2933333333301,905.2933333333301,True
4,33200,mp-1215897,Zn53Co7,371,mp-593,Al4Cu9,0.5822939983489245,3,0.6,moderate_similarity,Zn53Co7,2867.52833333333,($/mt),2025.0,medium_cost,6,Al4Cu9,2631.69583333333,($/mt),2025.0,low_cost,5,-235.83249999999998,235.83249999999998,True
1,26785,mp-1218953,SnGe4Te4Se,33248,mp-1078498,ZnCu2SiTe4,0.3748331958918209,2,0.4,moderate_similarity,SnGe4Te4Se,34058.8358333333,($/mt),2025.0,high_cost,10,ZnCu2SiTe4,2867.52833333333,($/mt),2025.0,medium_cost,6,-31191.307499999974,31191.307499999974,True
4,21676,mp-1219800,Ni6Ge2P,500,mp-1228832,AlNi6Ge,0.1104762972086828,1,0.2,high_similarity,Ni6Ge2P,15162.1583333333,($/mt),2025.0,high_cost,9,AlNi6Ge,2631.69583333333,($/mt),2025.0,low_cost,5,-12530.46249999997,12530.46249999997,True
4,21676,mp-1219800,Ni6Ge2P,460,mp-1228918,AlGaNi6,0.123608145090045,2,0.4,moderate_similarity,Ni6Ge2P,15162.1583333333,($/mt),2025.0,high_cost,9,AlGaNi6,2631.69583333333,($/mt),2025.0,low_cost,5,-12530.46249999997,12530.46249999997,True
1,21743,mp-1219954,NiSb6Ru,185,mp-23474,AgBi3S5,0.5330123713876735,2,0.4,moderate_similarity,NiSb6Ru,15162.1583333333,($/mt),2025.0,high_cost,9,AgBi3S5,39.80466666667,($/troy oz),2025.0,low_cost,1,-15122.35366666663,15122.35366666663,True
4,21756,mp-1220014,NiTeO4,233,mp-540872,AgSbO3,0.4368564720464881,1,0.2,high_similarity,NiTeO4,15162.1583333333,($/mt),2025.0,high_cost,9,AgSbO3,39.80466666667,($/troy oz),2025.0,low_cost,1,-15122.35366666663,15122.35366666663,True
4,21756,mp-1220014,NiTeO4,132,mp-1229128,Ag3PO4,0.4929790758614482,3,0.6,moderate_similarity,NiTeO4,15162.1583333333,($/mt),2025.0,high_cost,9,Ag3PO4,39.80466666667,($/troy oz),2025.0,low_cost,1,-15122.35366666663,15122.35366666663,True
2,7368,mp-1225986,Cu2Ag5Se4NO15,155,mp-553919,Ag6Mo2ClO7F3,0.8785424307312367,2,0.4,moderate_similarity,Cu2Ag5Se4NO15,9947.305,($/mt),2025.0,high_cost,8,Ag6Mo2ClO7F3,39.80466666667,($/troy oz),2025.0,low_cost,1,-9907.50033333333,9907.50033333333,True
1,373,mp-1228721,Al4InAgSe8,182,mp-556434,AgBi(PS3)2,0.7923238665717142,1,0.2,high_similarity,Al4InAgSe8,2631.69583333333,($/mt),2025.0,medium_cost,5,AgBi(PS3)2,39.80466666667,($/troy oz),2025.0,low_cost,1,-2591.89116666666,2591.89116666666,True
3,520,mp-1228815,AlRe,22016,mp-2420,PW,0.2258021419237433,1,0.2,high_similarity,AlRe,2631.69583333333,($/mt),2025.0,low_cost,5,PW,152.5,($/mt),2025.0,low_cost,2,-2479.19583333333,2479.19583333333,True
2,482,mp-1228986,AlH6N2F3,21980,mp-1220029,PH6NO4,0.5885412951201858,3,0.6,moderate_similarity,AlH6N2F3,2631.69583333333,($/mt),2025.0,low_cost,5,PH6NO4,152.5,($/mt),2025.0,low_cost,2,-2479.19583333333,2479.19583333333,True
4,21651,mp-12798,Ni3Pt,7404,mp-2258,Cu3Au,0.3326030043943891,2,0.4,moderate_similarity,Ni3Pt,15162.1583333333,($/mt),2025.0,high_cost,9,Cu3Au,9947.305,($/mt),2025.0,medium_cost,8,-5214.8533333333,5214.8533333333,True
2,26776,mp-13252,SnB4O7,33193,mp-4812,Zn4B6O13,0.1900675265052997,1,0.2,high_similarity,SnB4O7,34058.8358333333,($/mt),2025.0,high_cost,10,Zn4B6O13,2867.52833333333,($/mt),2025.0,medium_cost,6,-31191.307499999974,31191.307499999974,True
2,26776,mp-13252,SnB4O7,311,mp-37614,Al2NiO4,0.3555899985676037,2,0.4,moderate_similarity,SnB4O7,34058.8358333333,($/mt),2025.0,high_cost,10,Al2NiO4,2631.69583333333,($/mt),2025.0,low_cost,5,-31427.13999999997,31427.13999999997,True
1,26821,mp-13923,SnPS3,23246,mp-28721,Pt(SCl4)2,0.3317023089193104,1,0.2,high_similarity,SnPS3,34058.8358333333,($/mt),2025.0,high_cost,10,Pt(SCl4)2,1278.29333333333,($/troy oz),2025.0,low_cost,3,-32780.542499999974,32780.542499999974,True
0,26800,mp-16403,SnHgP14,33293,mp-1197426,ZnP14Pb,0.8327048400410929,3,0.6,moderate_similarity,SnHgP14,34058.8358333333,($/mt),2025.0,high_cost,9,ZnP14Pb,2867.52833333333,($/mt),2025.0,medium_cost,5,-31191.307499999974,31191.307499999974,True
2,21630,mp-17360,Ni2Te3O8,33155,mp-3502,Zn2Te3O8,0.2582997443823189,1,0.2,high_similarity,Ni2Te3O8,15162.1583333333,($/mt),2025.0,high_cost,9,Zn2Te3O8,2867.52833333333,($/mt),2025.0,medium_cost,6,-12294.62999999997,12294.62999999997,True
4,670,mp-17407,Au3F8,21924,mp-13853,P3Ir,0.6870214270809545,1,0.2,high_similarity,Au3F8,3441.50583333333,($/troy oz),2025.0,medium_cost,7,P3Ir,152.5,($/mt),2025.0,low_cost,2,-3289.00583333333,3289.00583333333,True
4,21738,mp-18749,NiSO4,7401,mp-4093,Cu3(PO4)2,0.2173878642743064,2,0.4,moderate_similarity,NiSO4,15162.1583333333,($/mt),2025.0,high_cost,9,Cu3(PO4)2,9947.305,($/mt),2025.0,medium_cost,8,-5214.8533333333,5214.8533333333,True
4,21662,mp-19448,Ni3TeO6,33105,mp-1047462,Zn(NiO2)2,0.2817093237823297,2,0.4,moderate_similarity,Ni3TeO6,15162.1583333333,($/mt),2025.0,high_cost,9,Zn(NiO2)2,2867.52833333333,($/mt),2025.0,medium_cost,6,-12294.62999999997,12294.62999999997,True
4,7484,mp-19859,CuMoF6,33282,mp-1407092,ZnMoF6,0.259166614650785,1,0.2,high_similarity,CuMoF6,9947.305,($/mt),2025.0,medium_cost,8,ZnMoF6,2867.52833333333,($/mt),2025.0,medium_cost,6,-7079.77666666667,7079.77666666667,True
4,7484,mp-19859,CuMoF6,179,mp-5160,AgBF5,0.3155937541965977,2,0.4,moderate_similarity,CuMoF6,9947.305,($/mt),2025.0,medium_cost,8,AgBF5,39.80466666667,($/troy oz),2025.0,low_cost,1,-9907.50033333333,9907.50033333333,True
1,22125,mp-19921,PbO,187,mp-23231,AgBr,1.318015030604626,3,0.6,moderate_similarity,PbO,1962.235,($/mt),2025.0,low_cost,4,AgBr,39.80466666667,($/troy oz),2025.0,low_cost,1,-1922.4303333333298,1922.4303333333298,True
4,33213,mp-2020519,ZnAg,398,mp-1228988,AlAg3,0.3885049464891794,3,0.6,moderate_similarity,ZnAg,2867.52833333333,($/mt),2025.0,medium_cost,6,AlAg3,2631.69583333333,($/mt),2025.0,low_cost,5,-235.83249999999998,235.83249999999998,True
4,21748,mp-20460,NiSeO3,33105,mp-1047462,Zn(NiO2)2,0.3267971875360167,3,0.6,moderate_similarity,NiSeO3,15162.1583333333,($/mt),2025.0,high_cost,9,Zn(NiO2)2,2867.52833333333,($/mt),2025.0,medium_cost,6,-12294.62999999997,12294.62999999997,True
4,21748,mp-20460,NiSeO3,7399,mp-554614,Cu3(AsO4)2,0.3156108516213924,2,0.4,moderate_similarity,NiSeO3,15162.1583333333,($/mt),2025.0,high_cost,9,Cu3(AsO4)2,9947.305,($/mt),2025.0,medium_cost,8,-5214.8533333333,5214.8533333333,True
2,21736,mp-20580,NiRhF6,7527,mp-4701,CuSnF6,0.4746386329965918,1,0.2,high_similarity,NiRhF6,15162.1583333333,($/mt),2025.0,high_cost,9,CuSnF6,9947.305,($/mt),2025.0,high_cost,8,-5214.8533333333,5214.8533333333,True
4,26806,mp-2097,SnO,33292,mp-2133,ZnO,0.8763248116874063,2,0.4,moderate_similarity,SnO,34058.8358333333,($/mt),2025.0,high_cost,10,ZnO,2867.52833333333,($/mt),2025.0,medium_cost,6,-31191.307499999974,31191.307499999974,True
1,22127,mp-21276,PbS,187,mp-23231,AgBr,0.6712203528833978,3,0.6,moderate_similarity,PbS,1962.235,($/mt),2025.0,low_cost,4,AgBr,39.80466666667,($/troy oz),2025.0,low_cost,1,-1922.4303333333298,1922.4303333333298,True
2,7490,mp-21533,CuP2PbO7,21907,mp-1195693,P2PdPbO7,0.3278422369437002,2,0.4,moderate_similarity,CuP2PbO7,9947.305,($/mt),2025.0,high_cost,8,P2PdPbO7,152.5,($/mt),2025.0,low_cost,2,-9794.805,9794.805,True
4,21623,mp-21536,Ni2Mo4C,559,mp-1228971,AlV9Au2,0.4237022353565684,3,0.6,moderate_similarity,Ni2Mo4C,15162.1583333333,($/mt),2025.0,high_cost,9,AlV9Au2,2631.69583333333,($/mt),2025.0,low_cost,5,-12530.46249999997,12530.46249999997,True
4,21589,mp-22552,Ni(AuF4)2,219,mp-1214922,AgPtF6,0.3154046759770667,1,0.2,high_similarity,Ni(AuF4)2,15162.1583333333,($/mt),2025.0,high_cost,9,AgPtF6,39.80466666667,($/troy oz),2025.0,low_cost,1,-15122.35366666663,15122.35366666663,True
2,21619,mp-22638,Ni2GeO4,33284,mp-1095420,ZnMoO4,0.3369182186590065,3,0.6,moderate_similarity,Ni2GeO4,15162.1583333333,($/mt),2025.0,high_cost,9,ZnMoO4,2867.52833333333,($/mt),2025.0,medium_cost,6,-12294.62999999997,12294.62999999997,True
2,21635,mp-22697,Ni3(PO4)2,33314,mp-5126,ZnSO4,0.3563445985864518,3,0.6,moderate_similarity,Ni3(PO4)2,15162.1583333333,($/mt),2025.0,high_cost,9,ZnSO4,2867.52833333333,($/mt),2025.0,medium_cost,6,-12294.62999999997,12294.62999999997,True
3,22096,mp-22795,Pb2Au,23264,mp-21296,PtPb4,0.4037019841677767,2,0.4,moderate_similarity,Pb2Au,1962.235,($/mt),2025.0,low_cost,4,PtPb4,1278.29333333333,($/troy oz),2025.0,low_cost,3,-683.9416666666698,683.9416666666698,True
1,7468,mp-22913,CuBr,187,mp-23231,AgBr,0.4919150369839881,1,0.2,high_similarity,CuBr,9947.305,($/mt),2025.0,high_cost,8,AgBr,39.80466666667,($/troy oz),2025.0,low_cost,1,-9907.50033333333,9907.50033333333,True
1,7468,mp-22913,CuBr,22128,mp-1025039,PbS2,0.5359531751321089,2,0.4,moderate_similarity,CuBr,9947.305,($/mt),2025.0,high_cost,8,PbS2,1962.235,($/mt),2025.0,low_cost,4,-7985.070000000001,7985.070000000001,True
4,21586,mp-23,Ni,7353,mp-30,Cu,0.1808632713838377,2,0.4,moderate_similarity,Ni,15162.1583333333,($/mt),2025.0,high_cost,9,Cu,9947.305,($/mt),2025.0,medium_cost,8,-5214.8533333333,5214.8533333333,True
4,21723,mp-2301,NiP3,387,mp-16529,Al6Ru,0.1582976192941713,1,0.2,high_similarity,NiP3,15162.1583333333,($/mt),2025.0,high_cost,9,Al6Ru,2631.69583333333,($/mt),2025.0,low_cost,5,-12530.46249999997,12530.46249999997,True
4,21723,mp-2301,NiP3,375,mp-1104047,Al4Tc,0.1749729361723301,2,0.4,moderate_similarity,NiP3,15162.1583333333,($/mt),2025.0,high_cost,9,Al4Tc,2631.69583333333,($/mt),2025.0,low_cost,5,-12530.46249999997,12530.46249999997,True
4,21723,mp-2301,NiP3,380,mp-568607,Al5Mo,0.1914016659594666,3,0.6,moderate_similarity,NiP3,15162.1583333333,($/mt),2025.0,high_cost,9,Al5Mo,2631.69583333333,($/mt),2025.0,low_cost,5,-12530.46249999997,12530.46249999997,True
1,419,mp-23288,AlBr3,21957,mp-27257,PBr3,0.8513169085426965,3,0.6,moderate_similarity,AlBr3,2631.69583333333,($/mt),2025.0,medium_cost,5,PBr3,152.5,($/mt),2025.0,low_cost,2,-2479.19583333333,2479.19583333333,True
2,21709,mp-23912,NiH20S2(NO7)2,21978,mp-759962,PH5NO3F,0.6295204995433401,2,0.4,moderate_similarity,NiH20S2(NO7)2,15162.1583333333,($/mt),2025.0,high_cost,9,PH5NO3F,152.5,($/mt),2025.0,low_cost,2,-15009.6583333333,15009.6583333333,True
2,21709,mp-23912,NiH20S2(NO7)2,33295,mp-758284,ZnP2H7NO8,0.6875581637991145,3,0.6,moderate_similarity,NiH20S2(NO7)2,15162.1583333333,($/mt),2025.0,high_cost,9,ZnP2H7NO8,2867.52833333333,($/mt),2025.0,medium_cost,6,-12294.62999999997,12294.62999999997,True
2,33267,mp-24502,ZnH2(SO4)2,478,mp-1192001,AlH6BrO4,0.2758954489045774,1,0.2,high_similarity,ZnH2(SO4)2,2867.52833333333,($/mt),2025.0,medium_cost,6,AlH6BrO4,2631.69583333333,($/mt),2025.0,low_cost,5,-235.83249999999998,235.83249999999998,True
2,33267,mp-24502,ZnH2(SO4)2,480,mp-1191939,AlH6IO4,0.3023085543580025,3,0.6,moderate_similarity,ZnH2(SO4)2,2867.52833333333,($/mt),2025.0,medium_cost,6,AlH6IO4,2631.69583333333,($/mt),2025.0,low_cost,5,-235.83249999999998,235.83249999999998,True
2,463,mp-24618,AlH10N2OF5,21978,mp-759962,PH5NO3F,0.7328537543031646,1,0.2,high_similarity,AlH10N2OF5,2631.69583333333,($/mt),2025.0,low_cost,5,PH5NO3F,152.5,($/mt),2025.0,low_cost,2,-2479.19583333333,2479.19583333333,True
2,26784,mp-2706,SnF4,33253,mp-1873,ZnF2,0.3826079848043747,2,0.4,moderate_similarity,SnF4,34058.8358333333,($/mt),2025.0,high_cost,10,ZnF2,2867.52833333333,($/mt),2025.0,medium_cost,6,-31191.307499999974,31191.307499999974,True
4,666,mp-27253,Au2O3,23262,mp-1285,PtO2,0.6694852468188123,2,0.4,moderate_similarity,Au2O3,3441.50583333333,($/troy oz),2025.0,medium_cost,7,PtO2,1278.29333333333,($/troy oz),2025.0,low_cost,3,-2163.2124999999996,2163.2124999999996,True
1,677,mp-27265,AuClO,22007,mp-3123,PPdSe,0.5520302095832761,2,0.4,moderate_similarity,AuClO,3441.50583333333,($/troy oz),2025.0,high_cost,7,PPdSe,152.5,($/mt),2025.0,low_cost,2,-3289.00583333333,3289.00583333333,True
4,21696,mp-27396,NiCl2,7470,mp-30999,CuCl2,0.4330268670811915,3,0.6,moderate_similarity,NiCl2,15162.1583333333,($/mt),2025.0,high_cost,9,CuCl2,9947.305,($/mt),2025.0,medium_cost,8,-5214.8533333333,5214.8533333333,True
1,669,mp-27441,Au2Se4O11,110,mp-16913,Ag2SeO3,0.5239170965988453,3,0.6,moderate_similarity,Au2Se4O11,3441.50583333333,($/troy oz),2025.0,high_cost,7,Ag2SeO3,39.80466666667,($/troy oz),2025.0,low_cost,1,-3401.70116666666,3401.70116666666,True
4,7446,mp-2763763,CuAgF3,233,mp-540872,AgSbO3,0.5438258630101578,3,0.6,moderate_similarity,CuAgF3,9947.305,($/mt),2025.0,medium_cost,8,AgSbO3,39.80466666667,($/troy oz),2025.0,low_cost,1,-9907.50033333333,9907.50033333333,True
1,33121,mp-27656,Zn2(PS3)3,23246,mp-28721,Pt(SCl4)2,0.5398003322585675,3,0.6,moderate_similarity,Zn2(PS3)3,2867.52833333333,($/mt),2025.0,medium_cost,6,Pt(SCl4)2,1278.29333333333,($/troy oz),2025.0,low_cost,3,-1589.235,1589.235,True
1,680,mp-27725,AuI,23259,mp-28319,PtI2,0.6454194721010315,2,0.4,moderate_similarity,AuI,3441.50583333333,($/troy oz),2025.0,high_cost,7,PtI2,1278.29333333333,($/troy oz),2025.0,low_cost,3,-2163.2124999999996,2163.2124999999996,True
3,687,mp-2793,AuSe,23269,mp-1115,PtSe2,0.787032670899218,2,0.4,moderate_similarity,AuSe,3441.50583333333,($/troy oz),2025.0,medium_cost,7,PtSe2,1278.29333333333,($/troy oz),2025.0,low_cost,3,-2163.2124999999996,2163.2124999999996,True
1,26732,mp-27947,Sn(SbTe2)2,7378,mp-23353,Cu2HgI4,0.2537376900214171,1,0.2,high_similarity,Sn(SbTe2)2,34058.8358333333,($/mt),2025.0,high_cost,10,Cu2HgI4,9947.305,($/mt),2025.0,high_cost,8,-24111.5308333333,24111.5308333333,True
1,7383,mp-28034,Cu2P7,33177,mp-2071,Zn3P2,0.5528392129520634,1,0.2,high_similarity,Cu2P7,9947.305,($/mt),2025.0,high_cost,8,Zn3P2,2867.52833333333,($/mt),2025.0,medium_cost,6,-7079.77666666667,7079.77666666667,True
1,26815,mp-28293,SnPCl9,533,mp-1205403,AlSeCl7,0.3160031876733203,1,0.2,high_similarity,SnPCl9,34058.8358333333,($/mt),2025.0,high_cost,10,AlSeCl7,2631.69583333333,($/mt),2025.0,medium_cost,5,-31427.13999999997,31427.13999999997,True
1,26815,mp-28293,SnPCl9,21922,mp-2013315,P3BrCl14,0.4767425885551994,3,0.6,moderate_similarity,SnPCl9,34058.8358333333,($/mt),2025.0,high_cost,10,P3BrCl14,152.5,($/mt),2025.0,low_cost,2,-33906.3358333333,33906.3358333333,True
1,26815,mp-28293,SnPCl9,527,mp-555805,AlSCl7,0.4005535898347473,2,0.4,moderate_similarity,SnPCl9,34058.8358333333,($/mt),2025.0,high_cost,10,AlSCl7,2631.69583333333,($/mt),2025.0,medium_cost,5,-31427.13999999997,31427.13999999997,True
1,689,mp-28372,AuSeCl7,21953,mp-28387,PAuCl8,0.4661200987517113,3,0.6,moderate_similarity,AuSeCl7,3441.50583333333,($/troy oz),2025.0,high_cost,7,PAuCl8,152.5,($/mt),2025.0,low_cost,2,-3289.00583333333,3289.00583333333,True
4,7507,mp-28488,CuPtF6,214,mp-1206101,AgPbF6,0.6313545265357093,2,0.4,moderate_similarity,CuPtF6,9947.305,($/mt),2025.0,medium_cost,8,AgPbF6,39.80466666667,($/troy oz),2025.0,low_cost,1,-9907.50033333333,9907.50033333333,True
4,7507,mp-28488,CuPtF6,79,mp-18125,Ag(AuF4)2,0.7017241984472992,3,0.6,moderate_similarity,CuPtF6,9947.305,($/mt),2025.0,medium_cost,8,Ag(AuF4)2,39.80466666667,($/troy oz),2025.0,low_cost,1,-9907.50033333333,9907.50033333333,True
2,21725,mp-28957,NiP4O11,33297,mp-15438,ZnP4O11,0.1773145737446098,1,0.2,high_similarity,NiP4O11,15162.1583333333,($/mt),2025.0,high_cost,9,ZnP4O11,2867.52833333333,($/mt),2025.0,medium_cost,6,-12294.62999999997,12294.62999999997,True
2,21910,mp-29282,P2PtO7,213,mp-18702,AgPO3,0.3679251674667215,2,0.4,moderate_similarity,P2PtO7,152.5,($/mt),2025.0,low_cost,2,AgPO3,39.80466666667,($/troy oz),2025.0,low_cost,1,-112.69533333333,112.69533333333,True
4,21608,mp-29885,Ni10SnP3,33286,mp-29884,ZnNi10P3,0.1138304124764006,2,0.4,moderate_similarity,Ni10SnP3,15162.1583333333,($/mt),2025.0,high_cost,9,ZnNi10P3,2867.52833333333,($/mt),2025.0,medium_cost,6,-12294.62999999997,12294.62999999997,True
2,686,mp-30003,AuSO4,239,mp-559257,AgTeO3,0.5037724206713341,3,0.6,moderate_similarity,AuSO4,3441.50583333333,($/troy oz),2025.0,high_cost,7,AgTeO3,39.80466666667,($/troy oz),2025.0,low_cost,1,-3401.70116666666,3401.70116666666,True
4,21677,mp-30052,Ni6Mo6C,559,mp-1228971,AlV9Au2,0.5186550400728545,3,0.6,moderate_similarity,Ni6Mo6C,15162.1583333333,($/mt),2025.0,high_cost,9,AlV9Au2,2631.69583333333,($/mt),2025.0,low_cost,5,-12530.46249999997,12530.46249999997,True
4,7528,mp-30595,CuSnRh2,33338,mp-1187939,ZnSnRh2,0.1760270917609147,3,0.6,moderate_similarity,CuSnRh2,9947.305,($/mt),2025.0,medium_cost,8,ZnSnRh2,2867.52833333333,($/mt),2025.0,medium_cost,6,-7079.77666666667,7079.77666666667,True
3,21666,mp-30811,Ni4W,7422,mp-12086,Cu3Pt,0.3054330658202146,1,0.2,high_similarity,Ni4W,15162.1583333333,($/mt),2025.0,high_cost,9,Cu3Pt,9947.305,($/mt),2025.0,high_cost,8,-5214.8533333333,5214.8533333333,True
3,21666,mp-30811,Ni4W,33173,mp-865362,Zn3Ir,0.3993339858338662,2,0.4,moderate_similarity,Ni4W,15162.1583333333,($/mt),2025.0,high_cost,9,Zn3Ir,2867.52833333333,($/mt),2025.0,medium_cost,6,-12294.62999999997,12294.62999999997,True
1,7522,mp-31038,CuSe2Cl,133,mp-12459,Ag3PS4,0.5170224515991014,2,0.4,moderate_similarity,CuSe2Cl,9947.305,($/mt),2025.0,high_cost,8,Ag3PS4,39.80466666667,($/troy oz),2025.0,low_cost,1,-9907.50033333333,9907.50033333333,True
1,7522,mp-31038,CuSe2Cl,124,mp-9538,Ag3AsS4,0.5353596996173444,3,0.6,moderate_similarity,CuSe2Cl,9947.305,($/mt),2025.0,high_cost,8,Ag3AsS4,39.80466666667,($/troy oz),2025.0,low_cost,1,-9907.50033333333,9907.50033333333,True
4,7452,mp-31237,CuAsF7,179,mp-5160,AgBF5,0.3596951861758132,3,0.6,moderate_similarity,CuAsF7,9947.305,($/mt),2025.0,medium_cost,8,AgBF5,39.80466666667,($/troy oz),2025.0,low_cost,1,-9907.50033333333,9907.50033333333,True
4,26814,mp-3245,SnP7Au3,7360,mp-28888,Cu(PtS2)2,0.6004730583252665,1,0.2,high_similarity,SnP7Au3,34058.8358333333,($/mt),2025.0,high_cost,10,Cu(PtS2)2,9947.305,($/mt),2025.0,medium_cost,8,-24111.5308333333,24111.5308333333,True
2,26799,mp-36508,SnHgF6,21731,mp-20854,NiPbF6,0.3163321338466529,2,0.4,moderate_similarity,SnHgF6,34058.8358333333,($/mt),2025.0,high_cost,10,NiPbF6,15162.1583333333,($/mt),2025.0,high_cost,9,-18896.6775,18896.6775,True
1,33337,mp-4175,ZnSnP2,458,mp-1228891,AlGaAs2,0.3657635961734267,3,0.6,moderate_similarity,ZnSnP2,2867.52833333333,($/mt),2025.0,medium_cost,6,AlGaAs2,2631.69583333333,($/mt),2025.0,medium_cost,5,-235.83249999999998,235.83249999999998,True
1,7518,mp-4468,CuSbS2,133,mp-12459,Ag3PS4,0.2066825771705725,1,0.2,high_similarity,CuSbS2,9947.305,($/mt),2025.0,high_cost,8,Ag3PS4,39.80466666667,($/troy oz),2025.0,low_cost,1,-9907.50033333333,9907.50033333333,True
1,7518,mp-4468,CuSbS2,124,mp-9538,Ag3AsS4,0.3622896798685693,2,0.4,moderate_similarity,CuSbS2,9947.305,($/mt),2025.0,high_cost,8,Ag3AsS4,39.80466666667,($/troy oz),2025.0,low_cost,1,-9907.50033333333,9907.50033333333,True
1,7518,mp-4468,CuSbS2,139,mp-29849,Ag3SnP7,0.4169201658914007,3,0.6,moderate_similarity,CuSbS2,9947.305,($/mt),2025.0,high_cost,8,Ag3SnP7,39.80466666667,($/troy oz),2025.0,low_cost,1,-9907.50033333333,9907.50033333333,True
2,7527,mp-4701,CuSnF6,236,mp-10809,AgSnF6,0.3673361949249366,1,0.2,high_similarity,CuSnF6,9947.305,($/mt),2025.0,high_cost,8,AgSnF6,39.80466666667,($/troy oz),2025.0,low_cost,1,-9907.50033333333,9907.50033333333,True
2,21620,mp-504704,Ni2Hg2OF6,33138,mp-17972,Zn2Hg2OF6,0.1889948241405181,1,0.2,high_similarity,Ni2Hg2OF6,15162.1583333333,($/mt),2025.0,high_cost,9,Zn2Hg2OF6,2867.52833333333,($/mt),2025.0,medium_cost,6,-12294.62999999997,12294.62999999997,True
2,21598,mp-504722,Ni(NO3)2,33104,mp-772617,Zn(NO3)2,0.1221209039644806,1,0.2,high_similarity,Ni(NO3)2,15162.1583333333,($/mt),2025.0,high_cost,9,Zn(NO3)2,2867.52833333333,($/mt),2025.0,medium_cost,6,-12294.62999999997,12294.62999999997,True
2,21631,mp-504969,Ni3(AsO4)2,102,mp-27966,Ag2Mo2O7,0.4580851958248573,2,0.4,moderate_similarity,Ni3(AsO4)2,15162.1583333333,($/mt),2025.0,high_cost,9,Ag2Mo2O7,39.80466666667,($/troy oz),2025.0,low_cost,1,-15122.35366666663,15122.35366666663,True
4,23258,mp-505319,PtF6,91,mp-542298,Ag2F5,0.2159031336318639,1,0.2,high_similarity,PtF6,1278.29333333333,($/troy oz),2025.0,low_cost,3,Ag2F5,39.80466666667,($/troy oz),2025.0,low_cost,1,-1238.48866666666,1238.48866666666,True
2,21727,mp-505449,NiPH16NO10,21982,mp-24157,PH8N2O3F,0.3232952820035337,1,0.2,high_similarity,NiPH16NO10,15162.1583333333,($/mt),2025.0,high_cost,9,PH8N2O3F,152.5,($/mt),2025.0,low_cost,2,-15009.6583333333,15009.6583333333,True
1,33095,mp-5350,Zn(GaS2)2,400,mp-5782,AlAgS2,0.3167755452802188,1,0.2,high_similarity,Zn(GaS2)2,2867.52833333333,($/mt),2025.0,medium_cost,6,AlAgS2,2631.69583333333,($/mt),2025.0,medium_cost,5,-235.83249999999998,235.83249999999998,True
1,675,mp-541656,AuCl2,23255,mp-23290,PtCl2,0.6704037030131579,3,0.6,moderate_similarity,AuCl2,3441.50583333333,($/troy oz),2025.0,high_cost,7,PtCl2,1278.29333333333,($/troy oz),2025.0,low_cost,3,-2163.2124999999996,2163.2124999999996,True
4,7511,mp-555599,CuS,380,mp-568607,Al5Mo,0.2862273530153329,1,0.2,high_similarity,CuS,9947.305,($/mt),2025.0,medium_cost,8,Al5Mo,2631.69583333333,($/mt),2025.0,low_cost,5,-7315.609166666671,7315.609166666671,True
4,7511,mp-555599,CuS,259,mp-1648,Al12Re,0.2900704780421494,2,0.4,moderate_similarity,CuS,9947.305,($/mt),2025.0,medium_cost,8,Al12Re,2631.69583333333,($/mt),2025.0,low_cost,5,-7315.609166666671,7315.609166666671,True
4,7511,mp-555599,CuS,387,mp-16529,Al6Ru,0.3119622092187331,3,0.6,moderate_similarity,CuS,9947.305,($/mt),2025.0,medium_cost,8,Al6Ru,2631.69583333333,($/mt),2025.0,low_cost,5,-7315.609166666671,7315.609166666671,True
2,7464,mp-556303,CuBi2(SeO3)4,143,mp-553924,Ag4PIO4,0.4351468156037671,3,0.6,moderate_similarity,CuBi2(SeO3)4,9947.305,($/mt),2025.0,high_cost,8,Ag4PIO4,39.80466666667,($/troy oz),2025.0,low_cost,1,-9907.50033333333,9907.50033333333,True
4,7356,mp-556582,Cu(IO3)2,112,mp-11641,Ag2SeO4,0.2383782082737036,1,0.2,high_similarity,Cu(IO3)2,9947.305,($/mt),2025.0,medium_cost,8,Ag2SeO4,39.80466666667,($/troy oz),2025.0,low_cost,1,-9907.50033333333,9907.50033333333,True
1,26730,mp-557101,Sn(S4I)4,21949,mp-28089,P4Se3I2,0.5921474855524974,2,0.4,moderate_similarity,Sn(S4I)4,34058.8358333333,($/mt),2025.0,high_cost,10,P4Se3I2,152.5,($/mt),2025.0,low_cost,2,-33906.3358333333,33906.3358333333,True
1,26730,mp-557101,Sn(S4I)4,21994,mp-573373,PICl8,0.5923277911042869,3,0.6,moderate_similarity,Sn(S4I)4,34058.8358333333,($/mt),2025.0,high_cost,10,PICl8,152.5,($/mt),2025.0,low_cost,2,-33906.3358333333,33906.3358333333,True
2,22102,mp-557531,Pb2S(O2F)2,21989,mp-1220034,PHPbO4,0.5433621155041178,3,0.6,moderate_similarity,Pb2S(O2F)2,1962.235,($/mt),2025.0,low_cost,4,PHPbO4,152.5,($/mt),2025.0,low_cost,2,-1809.735,1809.735,True
0,7411,mp-557905,Cu3Mo8Br2O23,21937,mp-1194833,P3RuW2O15,1.1118880973416565,3,0.6,moderate_similarity,Cu3Mo8Br2O23,9947.305,($/mt),2025.0,medium_cost,7,P3RuW2O15,152.5,($/mt),2025.0,low_cost,2,-9794.805,9794.805,True
2,21735,mp-558838,NiPtF6,33309,mp-8256,ZnPtF6,0.1372251828838195,2,0.4,moderate_similarity,NiPtF6,15162.1583333333,($/mt),2025.0,high_cost,9,ZnPtF6,2867.52833333333,($/mt),2025.0,medium_cost,6,-12294.62999999997,12294.62999999997,True
4,7439,mp-559633,Cu6PbO8,224,mp-761035,AgRuO4,0.175741571676811,1,0.2,high_similarity,Cu6PbO8,9947.305,($/mt),2025.0,medium_cost,8,AgRuO4,39.80466666667,($/troy oz),2025.0,low_cost,1,-9907.50033333333,9907.50033333333,True
1,26835,mp-560193,SnSe2(Cl4O)2,406,mp-558360,AlAs3S5Cl4,0.3462516223355446,1,0.2,high_similarity,SnSe2(Cl4O)2,34058.8358333333,($/mt),2025.0,high_cost,10,AlAs3S5Cl4,2631.69583333333,($/mt),2025.0,medium_cost,5,-31427.13999999997,31427.13999999997,True
2,21647,mp-560757,Ni3Mo2SeO11,33126,mp-721702,Zn2AsHO5,0.405664498659694,3,0.6,moderate_similarity,Ni3Mo2SeO11,15162.1583333333,($/mt),2025.0,high_cost,9,Zn2AsHO5,2867.52833333333,($/mt),2025.0,medium_cost,6,-12294.62999999997,12294.62999999997,True
1,7478,mp-570081,CuI,33340,mp-2176,ZnTe,0.5137504264998344,1,0.2,high_similarity,CuI,9947.305,($/mt),2025.0,high_cost,8,ZnTe,2867.52833333333,($/mt),2025.0,medium_cost,6,-7079.77666666667,7079.77666666667,True
2,33135,mp-5909,Zn2GeO4,213,mp-18702,AgPO3,0.2012763399519363,1,0.2,high_similarity,Zn2GeO4,2867.52833333333,($/mt),2025.0,medium_cost,6,AgPO3,39.80466666667,($/troy oz),2025.0,low_cost,1,-2827.72366666666,2827.72366666666,True
2,7514,mp-606617,CuSb2(XeF8)2,225,mp-1202574,AgS2(O3F)2,0.5981182865658807,1,0.2,high_similarity,CuSb2(XeF8)2,9947.305,($/mt),2025.0,high_cost,8,AgS2(O3F)2,39.80466666667,($/troy oz),2025.0,low_cost,1,-9907.50033333333,9907.50033333333,True
3,519,mp-607111,AlPt3,21909,mp-13871,P2Pt5,0.5655779568926147,2,0.4,moderate_similarity,AlPt3,2631.69583333333,($/mt),2025.0,low_cost,5,P2Pt5,152.5,($/mt),2025.0,low_cost,2,-2479.19583333333,2479.19583333333,True
1,421,mp-607454,AlC3(NCl2)3,164,mp-556837,AgAs(S8F3)2,0.5265673284355219,1,0.2,high_similarity,AlC3(NCl2)3,2631.69583333333,($/mt),2025.0,medium_cost,5,AgAs(S8F3)2,39.80466666667,($/troy oz),2025.0,low_cost,1,-2591.89116666666,2591.89116666666,True
1,421,mp-607454,AlC3(NCl2)3,229,mp-559602,AgSb(S8F3)2,0.6211712325023909,2,0.4,moderate_similarity,AlC3(NCl2)3,2631.69583333333,($/mt),2025.0,medium_cost,5,AgSb(S8F3)2,39.80466666667,($/troy oz),2025.0,low_cost,1,-2591.89116666666,2591.89116666666,True
4,21698,mp-614777,NiF3,7471,mp-1229,CuF2,0.2175847013942398,1,0.2,high_similarity,NiF3,15162.1583333333,($/mt),2025.0,high_cost,9,CuF2,9947.305,($/mt),2025.0,medium_cost,8,-5214.8533333333,5214.8533333333,True
4,7440,mp-624299,Cu7S4,263,mp-17880,Al13Ru4,0.5994137362052507,3,0.6,moderate_similarity,Cu7S4,9947.305,($/mt),2025.0,medium_cost,8,Al13Ru4,2631.69583333333,($/mt),2025.0,low_cost,5,-7315.609166666671,7315.609166666671,True
2,33131,mp-6278,Zn2Cu(AsO4)2,220,mp-1214944,AgRh(SO4)2,0.4744462446537561,3,0.6,moderate_similarity,Zn2Cu(AsO4)2,2867.52833333333,($/mt),2025.0,medium_cost,6,AgRh(SO4)2,39.80466666667,($/troy oz),2025.0,low_cost,1,-2827.72366666666,2827.72366666666,True
1,7454,mp-628643,CuAsPbS3,148,mp-568540,Ag5Hg4P8Cl5,0.3355392109133578,1,0.2,high_similarity,CuAsPbS3,9947.305,($/mt),2025.0,high_cost,8,Ag5Hg4P8Cl5,39.80466666667,($/troy oz),2025.0,low_cost,1,-9907.50033333333,9907.50033333333,True
1,7454,mp-628643,CuAsPbS3,170,mp-22665,AgAsPbS3,0.4006379851836777,2,0.4,moderate_similarity,CuAsPbS3,9947.305,($/mt),2025.0,high_cost,8,AgAsPbS3,39.80466666667,($/troy oz),2025.0,low_cost,1,-9907.50033333333,9907.50033333333,True
4,7358,mp-640926,Cu(NO3)2,682,mp-560745,AuN5O14,0.2749490406725333,1,0.2,high_similarity,Cu(NO3)2,9947.305,($/mt),2025.0,medium_cost,8,AuN5O14,3441.50583333333,($/troy oz),2025.0,medium_cost,7,-6505.79916666667,6505.79916666667,True
4,21710,mp-643570,NiH2SO5,7476,mp-24242,CuHOF,0.4095677681568765,1,0.2,high_similarity,NiH2SO5,15162.1583333333,($/mt),2025.0,high_cost,9,CuHOF,9947.305,($/mt),2025.0,medium_cost,8,-5214.8533333333,5214.8533333333,True
2,26790,mp-643902,SnH4(NF)2,33271,mp-23969,ZnH2SeO5,0.5404460064754761,2,0.4,moderate_similarity,SnH4(NF)2,34058.8358333333,($/mt),2025.0,high_cost,10,ZnH2SeO5,2867.52833333333,($/mt),2025.0,medium_cost,6,-31191.307499999974,31191.307499999974,True
3,7505,mp-644311,CuPt,33281,mp-1206819,ZnIr,0.1393162013465165,1,0.2,high_similarity,CuPt,9947.305,($/mt),2025.0,high_cost,8,ZnIr,2867.52833333333,($/mt),2025.0,medium_cost,6,-7079.77666666667,7079.77666666667,True
2,21650,mp-651726,Ni3P4PbO14,33296,mp-17924,ZnP2PbO7,0.3394902661685507,1,0.2,high_similarity,Ni3P4PbO14,15162.1583333333,($/mt),2025.0,high_cost,9,ZnP2PbO7,2867.52833333333,($/mt),2025.0,medium_cost,6,-12294.62999999997,12294.62999999997,True
4,21648,mp-656887,Ni3O4,7487,mp-1692,CuO,0.4692325601964771,2,0.4,moderate_similarity,Ni3O4,15162.1583333333,($/mt),2025.0,high_cost,9,CuO,9947.305,($/mt),2025.0,medium_cost,8,-5214.8533333333,5214.8533333333,True
4,21659,mp-669720,Ni3Sn2,21931,mp-505363,P3Pd7,0.2179306626233288,2,0.4,moderate_similarity,Ni3Sn2,15162.1583333333,($/mt),2025.0,high_cost,9,P3Pd7,152.5,($/mt),2025.0,low_cost,2,-15009.6583333333,15009.6583333333,True
4,7421,mp-672265,Cu3Pd,33114,mp-30747,Zn11Ir2,0.3504933606431546,1,0.2,high_similarity,Cu3Pd,9947.305,($/mt),2025.0,medium_cost,8,Zn11Ir2,2867.52833333333,($/mt),2025.0,medium_cost,6,-7079.77666666667,7079.77666666667,True
0,21611,mp-683937,Ni13Sn8P3,270,mp-1215020,Al2(Zn13Pd3)3,0.3884627846234124,1,0.2,high_similarity,Ni13Sn8P3,15162.1583333333,($/mt),2025.0,high_cost,8,Al2(Zn13Pd3)3,2631.69583333333,($/mt),2025.0,low_cost,4,-12530.46249999997,12530.46249999997,True
1,26833,mp-691,SnSe,675,mp-541656,AuCl2,0.4455665751884204,2,0.4,moderate_similarity,SnSe,34058.8358333333,($/mt),2025.0,high_cost,10,AuCl2,3441.50583333333,($/troy oz),2025.0,high_cost,7,-30617.329999999973,30617.329999999973,True
2,476,mp-696815,AlH4NF4,21969,mp-722832,PH3NF5,0.3780935790672804,3,0.6,moderate_similarity,AlH4NF4,2631.69583333333,($/mt),2025.0,low_cost,5,PH3NF5,152.5,($/mt),2025.0,low_cost,2,-2479.19583333333,2479.19583333333,True
4,21674,mp-704879,Ni5Te4(BrO6)2,7432,mp-1201155,Cu5Se4(ClO6)2,0.4283524778080712,1,0.2,high_similarity,Ni5Te4(BrO6)2,15162.1583333333,($/mt),2025.0,high_cost,9,Cu5Se4(ClO6)2,9947.305,($/mt),2025.0,medium_cost,8,-5214.8533333333,5214.8533333333,True
4,21674,mp-704879,Ni5Te4(BrO6)2,33254,mp-558345,ZnFe2(SeO3)4,0.6214414161472449,3,0.6,moderate_similarity,Ni5Te4(BrO6)2,15162.1583333333,($/mt),2025.0,high_cost,9,ZnFe2(SeO3)4,2867.52833333333,($/mt),2025.0,medium_cost,6,-12294.62999999997,12294.62999999997,True
0,33236,mp-706995,ZnCoH18N6Cl5,21966,mp-1198119,PH10S3N2O,0.6329853414156354,2,0.4,moderate_similarity,ZnCoH18N6Cl5,2867.52833333333,($/mt),2025.0,medium_cost,5,PH10S3N2O,152.5,($/mt),2025.0,low_cost,2,-2715.02833333333,2715.02833333333,True
3,315,mp-7188,Al2Os,21895,mp-2319,P2Os,0.4217388812421799,1,0.2,high_similarity,Al2Os,2631.69583333333,($/mt),2025.0,low_cost,5,P2Os,152.5,($/mt),2025.0,low_cost,2,-2479.19583333333,2479.19583333333,True
3,315,mp-7188,Al2Os,21891,mp-10155,P2Ir,0.5944872644110177,2,0.4,moderate_similarity,Al2Os,2631.69583333333,($/mt),2025.0,low_cost,5,P2Ir,152.5,($/mt),2025.0,low_cost,2,-2479.19583333333,2479.19583333333,True
3,315,mp-7188,Al2Os,21908,mp-730,P2Pt,0.7190331629499626,3,0.6,moderate_similarity,Al2Os,2631.69583333333,($/mt),2025.0,low_cost,5,P2Pt,152.5,($/mt),2025.0,low_cost,2,-2479.19583333333,2479.19583333333,True
0,33266,mp-723044,ZnH12N3Cl5,470,mp-1199829,AlH15Br3N5,0.5663683759263962,1,0.2,high_similarity,ZnH12N3Cl5,2867.52833333333,($/mt),2025.0,medium_cost,5,AlH15Br3N5,2631.69583333333,($/mt),2025.0,low_cost,4,-235.83249999999998,235.83249999999998,True
0,33266,mp-723044,ZnH12N3Cl5,21981,mp-707324,PH6SN3,0.6133217580803959,2,0.4,moderate_similarity,ZnH12N3Cl5,2867.52833333333,($/mt),2025.0,medium_cost,5,PH6SN3,152.5,($/mt),2025.0,low_cost,2,-2715.02833333333,2715.02833333333,True
0,33266,mp-723044,ZnH12N3Cl5,471,mp-699469,AlH15N5Cl3,0.6690177189645886,3,0.6,moderate_similarity,ZnH12N3Cl5,2867.52833333333,($/mt),2025.0,medium_cost,5,AlH15N5Cl3,2631.69583333333,($/mt),2025.0,low_cost,4,-235.83249999999998,235.83249999999998,True
0,21751,mp-735541,NiSn2H12(OF)6,503,mp-1215134,AlP2H12N3O8,0.6177911132211213,3,0.6,moderate_similarity,NiSn2H12(OF)6,15162.1583333333,($/mt),2025.0,high_cost,8,AlP2H12N3O8,2631.69583333333,($/mt),2025.0,low_cost,4,-12530.46249999997,12530.46249999997,True
2,21596,mp-755246,Ni(IO3)2,22093,mp-20820,Pb(NO3)2,0.4161210208215609,3,0.6,moderate_similarity,Ni(IO3)2,15162.1583333333,($/mt),2025.0,high_cost,9,Pb(NO3)2,1962.235,($/mt),2025.0,low_cost,4,-13199.9233333333,13199.9233333333,True
2,21918,mp-755995,P2WO7,178,mp-12021,AgBF4,0.3543063157551216,2,0.4,moderate_similarity,P2WO7,152.5,($/mt),2025.0,low_cost,2,AgBF4,39.80466666667,($/troy oz),2025.0,low_cost,1,-112.69533333333,112.69533333333,True
2,26810,mp-757192,SnP2O7,407,mp-5189,AlAsO4,0.19334310404877,1,0.2,high_similarity,SnP2O7,34058.8358333333,($/mt),2025.0,high_cost,10,AlAsO4,2631.69583333333,($/mt),2025.0,low_cost,5,-31427.13999999997,31427.13999999997,True
0,26731,mp-759223,Sn(SO4)2,33125,mp-779594,Zn2As2O7,0.4935301523574398,3,0.6,moderate_similarity,Sn(SO4)2,34058.8358333333,($/mt),2025.0,high_cost,9,Zn2As2O7,2867.52833333333,($/mt),2025.0,medium_cost,5,-31191.307499999974,31191.307499999974,True
2,26727,mp-766947,Sn(PO3)2,266,mp-19521,Al2(MoO4)3,0.2637215029917432,1,0.2,high_similarity,Sn(PO3)2,34058.8358333333,($/mt),2025.0,high_cost,10,Al2(MoO4)3,2631.69583333333,($/mt),2025.0,low_cost,5,-31427.13999999997,31427.13999999997,True
2,33324,mp-778924,ZnSeO4,107,mp-1192057,Ag2S2O7,0.1260844684256665,1,0.2,high_similarity,ZnSeO4,2867.52833333333,($/mt),2025.0,medium_cost,6,Ag2S2O7,39.80466666667,($/troy oz),2025.0,low_cost,1,-2827.72366666666,2827.72366666666,True
1,447,mp-8017,AlCuTe2,173,mp-570340,AgAuCl4,0.3784377809649986,2,0.4,moderate_similarity,AlCuTe2,2631.69583333333,($/mt),2025.0,medium_cost,5,AgAuCl4,39.80466666667,($/troy oz),2025.0,low_cost,1,-2591.89116666666,2591.89116666666,True
3,664,mp-81,Au,23244,mp-126,Pt,1.105456013898777,3,0.6,moderate_similarity,Au,3441.50583333333,($/troy oz),2025.0,medium_cost,7,Pt,1278.29333333333,($/troy oz),2025.0,low_cost,3,-2163.2124999999996,2163.2124999999996,True
4,26807,mp-856,SnO2,33292,mp-2133,ZnO,0.5474254968413522,2,0.4,moderate_similarity,SnO2,34058.8358333333,($/mt),2025.0,high_cost,10,ZnO,2867.52833333333,($/mt),2025.0,medium_cost,6,-31191.307499999974,31191.307499999974,True
4,7390,mp-862256,Cu2PdAu,436,mp-867306,AlCuAu2,0.2629138316885336,1,0.2,high_similarity,Cu2PdAu,9947.305,($/mt),2025.0,medium_cost,8,AlCuAu2,2631.69583333333,($/mt),2025.0,low_cost,5,-7315.609166666671,7315.609166666671,True
4,7390,mp-862256,Cu2PdAu,33133,mp-980665,Zn2CuIr,0.2686839242827101,2,0.4,moderate_similarity,Cu2PdAu,9947.305,($/mt),2025.0,medium_cost,8,Zn2CuIr,2867.52833333333,($/mt),2025.0,medium_cost,6,-7079.77666666667,7079.77666666667,True
2,26791,mp-863000,SnH6(NF2)2,478,mp-1192001,AlH6BrO4,0.3850768725230896,2,0.4,moderate_similarity,SnH6(NF2)2,34058.8358333333,($/mt),2025.0,high_cost,10,AlH6BrO4,2631.69583333333,($/mt),2025.0,low_cost,5,-31427.13999999997,31427.13999999997,True
4,33250,mp-864623,ZnCuAu2,436,mp-867306,AlCuAu2,0.3919141394652998,3,0.6,moderate_similarity,ZnCuAu2,2867.52833333333,($/mt),2025.0,medium_cost,6,AlCuAu2,2631.69583333333,($/mt),2025.0,low_cost,5,-235.83249999999998,235.83249999999998,True
4,7472,mp-867917,CuGeRh2,33264,mp-1187920,ZnGeRh2,0.1718120082255896,2,0.4,moderate_similarity,CuGeRh2,9947.305,($/mt),2025.0,medium_cost,8,ZnGeRh2,2867.52833333333,($/mt),2025.0,medium_cost,6,-7079.77666666667,7079.77666666667,True
1,7489,mp-927,CuP2,21943,mp-27173,P4Ru,0.5730457469134472,1,0.2,high_similarity,CuP2,9947.305,($/mt),2025.0,high_cost,8,P4Ru,152.5,($/mt),2025.0,low_cost,2,-9794.805,9794.805,True
4,21667,mp-941,Ni5As2,7366,mp-14266,Cu15Si4,0.4880922998583784,1,0.2,high_similarity,Ni5As2,15162.1583333333,($/mt),2025.0,high_cost,9,Cu15Si4,9947.305,($/mt),2025.0,medium_cost,8,-5214.8533333333,5214.8533333333,True
1,678,mp-942,AuF3,21935,mp-28400,P3Ru,0.9031819979798604,1,0.2,high_similarity,AuF3,3441.50583333333,($/troy oz),2025.0,high_cost,7,P3Ru,152.5,($/mt),2025.0,low_cost,2,-3289.00583333333,3289.00583333333,True
1,678,mp-942,AuF3,21943,mp-27173,P4Ru,1.078207791160935,3,0.6,moderate_similarity,AuF3,3441.50583333333,($/troy oz),2025.0,high_cost,7,P4Ru,152.5,($/mt),2025.0,low_cost,2,-3289.00583333333,3289.00583333333,True
3,33258,mp-977356,ZnGaIr2,568,mp-862705,AlZnIr2,0.4655539738267886,3,0.6,moderate_similarity,ZnGaIr2,2867.52833333333,($/mt),2025.0,medium_cost,6,AlZnIr2,2631.69583333333,($/mt),2025.0,low_cost,5,-235.83249999999998,235.83249999999998,True
4,33331,mp-977384,ZnSiRh2,441,mp-866296,AlCuPd2,0.1969351473920475,3,0.6,moderate_similarity,ZnSiRh2,2867.52833333333,($/mt),2025.0,medium_cost,6,AlCuPd2,2631.69583333333,($/mt),2025.0,low_cost,5,-235.83249999999998,235.83249999999998,True
4,7526,mp-978532,CuSiRh2,33331,mp-977384,ZnSiRh2,0.1504296178419056,2,0.4,moderate_similarity,CuSiRh2,9947.305,($/mt),2025.0,medium_cost,8,ZnSiRh2,2867.52833333333,($/mt),2025.0,medium_cost,6,-7079.77666666667,7079.77666666667,True
4,7460,mp-996978,CuAuO2,296,mp-866031,Al2FeIr,0.2346525920390919,3,0.6,moderate_similarity,CuAuO2,9947.305,($/mt),2025.0,medium_cost,8,Al2FeIr,2631.69583333333,($/mt),2025.0,low_cost,5,-7315.609166666671,7315.609166666671,True
4,21691,mp-997095,NiAuO2,296,mp-866031,Al2FeIr,0.3433991981035121,1,0.2,high_similarity,NiAuO2,15162.1583333333,($/mt),2025.0,high_cost,9,Al2FeIr,2631.69583333333,($/mt),2025.0,low_cost,5,-12530.46249999997,12530.46249999997,True
4,21691,mp-997095,NiAuO2,33260,mp-977362,ZnGaRh2,0.3810868575041345,3,0.6,moderate_similarity,NiAuO2,15162.1583333333,($/mt),2025.0,high_cost,9,ZnGaRh2,2867.52833333333,($/mt),2025.0,medium_cost,6,-12294.62999999997,12294.62999999997,True
